﻿<?xml version="1.0" encoding="utf-8"?>
<RoleModel xmlns:xsi="http://www.w3.org/2001/XMLSchema-instance" xmlns:xsd="http://www.w3.org/2001/XMLSchema" name="ElasticsearchRole" version="2.8.6485.4" xmlns="http://schemas.microsoft.com/ServiceHosting/2008/10/ServiceDefinition">
  <Startup>
    <Task commandLine="DiagnosticsPluginLauncher.exe" taskType="background" relativePath="plugins\Diagnostics">
      <Environment>
        <Variable name="IsEmulated" value="true" />
        <Variable name="RdModuleName" value="Diagnostics" />
        <Variable name="WaRoleType" value="WorkerRole" />
      </Environment>
    </Task>
    <Task commandLine="RemoteAccessAgent.exe" executionContext="elevated" taskType="background" relativePath="plugins\RemoteAccess">
      <Environment>
        <Variable name="RdModuleName" value="RemoteAccess" />
        <Variable name="WaRoleType" value="WorkerRole" />
      </Environment>
    </Task>
    <Task commandLine="RemoteAccessAgent.exe /blockStartup" executionContext="elevated" relativePath="plugins\RemoteAccess">
      <Environment>
        <Variable name="RdModuleName" value="RemoteAccess" />
        <Variable name="WaRoleType" value="WorkerRole" />
      </Environment>
    </Task>
    <Task commandLine="install.cmd" executionContext="elevated" relativePath="plugins\RemoteForwarder">
      <Environment>
        <Variable name="IsEmulated">
          <RoleInstanceValue xpath="/RoleEnvironment/Deployment/@emulated" />
        </Variable>
        <Variable name="RdModuleName" value="RemoteForwarder" />
        <Variable name="WaRoleType" value="WorkerRole" />
      </Environment>
    </Task>
  </Startup>
  <Runtime executionContext="elevated">
    <EntryPoint>
      <NetFxEntryPoint assemblyName="ElasticsearchRole.dll" targetFrameworkVersion="v4.0" />
    </EntryPoint>
  </Runtime>
  <ConfigurationSettings>
    <Setting name="Enabled" nameSpace="Microsoft.WindowsAzure.Plugins.RemoteAccess" />
    <Setting name="AccountUsername" nameSpace="Microsoft.WindowsAzure.Plugins.RemoteAccess" />
    <Setting name="AccountEncryptedPassword" nameSpace="Microsoft.WindowsAzure.Plugins.RemoteAccess" />
    <Setting name="AccountExpiration" nameSpace="Microsoft.WindowsAzure.Plugins.RemoteAccess" />
    <Setting name="Enabled" nameSpace="Microsoft.WindowsAzure.Plugins.RemoteForwarder" />
  </ConfigurationSettings>
  <Properties>
    <Property name="TargetFrameworkVersion" value="v4.5" />
    <Property name="RoleType" value="Worker" />
    <Property name="RoleName" value="ElasticsearchRole" />
    <Property name="ProjectName" value="ElasticsearchRole" />
    <Property name="Configuration" value="Debug" />
    <Property name="Platform" value="AnyCPU" />
    <Property name="RoleTargetFramework" value="v4.5" />
    <Property name="OutputDir" value="F:\Jay.Ashara\Projects\ElasticSearchCloud\ElasticSearchCloud\obj\Debug\ElasticsearchRole\" />
    <Property name="EntryPoint" value="ElasticsearchRole.dll" />
    <Property name="SourceDir" value="" />
    <Property name="SitePhysicalPath" value="" />
    <Property name="TargetRuntimeVersion" value="v4.0" />
  </Properties>
</RoleModel>